"Tumor_Sample_Barcode","Variant_Type","Mutations"
"TCGA-02-0003-01","DEL",0
"TCGA-02-0003-01","INS",0
"TCGA-02-0033-01","DEL",1
"TCGA-02-0033-01","INS",1
"TCGA-02-0047-01","DEL",3
"TCGA-02-0047-01","INS",0
"TCGA-02-0055-01","DEL",0
"TCGA-02-0055-01","INS",0
"TCGA-02-2466-01","DEL",7
"TCGA-02-2466-01","INS",1
"TCGA-02-2470-01","DEL",2
"TCGA-02-2470-01","INS",0
"TCGA-02-2483-01","DEL",1
"TCGA-02-2483-01","INS",0
"TCGA-02-2485-01","DEL",5
"TCGA-02-2485-01","INS",0
"TCGA-02-2486-01","DEL",2
"TCGA-02-2486-01","INS",1
"TCGA-06-0119-01","DEL",1
"TCGA-06-0119-01","INS",0
"TCGA-06-0122-01","DEL",3
"TCGA-06-0122-01","INS",0
"TCGA-06-0124-01","DEL",3
"TCGA-06-0124-01","INS",0
"TCGA-06-0125-01","DEL",2
"TCGA-06-0125-01","INS",1
"TCGA-06-0125-02","DEL",8
"TCGA-06-0125-02","INS",1
"TCGA-06-0126-01","DEL",2
"TCGA-06-0126-01","INS",1
"TCGA-06-0128-01","DEL",4
"TCGA-06-0128-01","INS",2
"TCGA-06-0129-01","DEL",8
"TCGA-06-0129-01","INS",0
"TCGA-06-0130-01","DEL",1
"TCGA-06-0130-01","INS",0
"TCGA-06-0132-01","DEL",1
"TCGA-06-0132-01","INS",0
"TCGA-06-0137-01","DEL",2
"TCGA-06-0137-01","INS",1
"TCGA-06-0139-01","DEL",0
"TCGA-06-0139-01","INS",0
"TCGA-06-0140-01","DEL",1
"TCGA-06-0140-01","INS",1
"TCGA-06-0141-01","DEL",0
"TCGA-06-0141-01","INS",0
"TCGA-06-0142-01","DEL",0
"TCGA-06-0142-01","INS",0
"TCGA-06-0145-01","DEL",2
"TCGA-06-0145-01","INS",0
"TCGA-06-0151-01","DEL",1
"TCGA-06-0151-01","INS",0
"TCGA-06-0152-01","DEL",3
"TCGA-06-0152-01","INS",1
"TCGA-06-0152-02","DEL",5
"TCGA-06-0152-02","INS",0
"TCGA-06-0154-01","DEL",1
"TCGA-06-0154-01","INS",0
"TCGA-06-0155-01","DEL",4
"TCGA-06-0155-01","INS",0
"TCGA-06-0157-01","DEL",3
"TCGA-06-0157-01","INS",1
"TCGA-06-0158-01","DEL",1
"TCGA-06-0158-01","INS",0
"TCGA-06-0166-01","DEL",1
"TCGA-06-0166-01","INS",2
"TCGA-06-0168-01","DEL",4
"TCGA-06-0168-01","INS",0
"TCGA-06-0169-01","DEL",2
"TCGA-06-0169-01","INS",1
"TCGA-06-0171-01","DEL",4
"TCGA-06-0171-01","INS",0
"TCGA-06-0171-02","DEL",2
"TCGA-06-0171-02","INS",0
"TCGA-06-0173-01","DEL",3
"TCGA-06-0173-01","INS",0
"TCGA-06-0174-01","DEL",2
"TCGA-06-0174-01","INS",0
"TCGA-06-0184-01","DEL",3
"TCGA-06-0184-01","INS",0
"TCGA-06-0185-01","DEL",3
"TCGA-06-0185-01","INS",0
"TCGA-06-0187-01","DEL",1
"TCGA-06-0187-01","INS",0
"TCGA-06-0188-01","DEL",3
"TCGA-06-0188-01","INS",0
"TCGA-06-0189-01","DEL",0
"TCGA-06-0189-01","INS",0
"TCGA-06-0190-01","DEL",3
"TCGA-06-0190-01","INS",0
"TCGA-06-0190-02","DEL",5
"TCGA-06-0190-02","INS",1
"TCGA-06-0192-01","DEL",1
"TCGA-06-0192-01","INS",2
"TCGA-06-0195-01","DEL",1
"TCGA-06-0195-01","INS",2
"TCGA-06-0209-01","DEL",4
"TCGA-06-0209-01","INS",1
"TCGA-06-0210-01","DEL",1
"TCGA-06-0210-01","INS",0
"TCGA-06-0210-02","DEL",1
"TCGA-06-0210-02","INS",0
"TCGA-06-0211-01","DEL",3
"TCGA-06-0211-01","INS",0
"TCGA-06-0211-02","DEL",1
"TCGA-06-0211-02","INS",0
"TCGA-06-0213-01","DEL",3
"TCGA-06-0213-01","INS",0
"TCGA-06-0214-01","DEL",1
"TCGA-06-0214-01","INS",0
"TCGA-06-0216-01","DEL",3
"TCGA-06-0216-01","INS",2
"TCGA-06-0219-01","DEL",1
"TCGA-06-0219-01","INS",0
"TCGA-06-0221-01","DEL",3
"TCGA-06-0221-01","INS",0
"TCGA-06-0221-02","DEL",8
"TCGA-06-0221-02","INS",0
"TCGA-06-0237-01","DEL",2
"TCGA-06-0237-01","INS",1
"TCGA-06-0238-01","DEL",2
"TCGA-06-0238-01","INS",1
"TCGA-06-0240-01","DEL",0
"TCGA-06-0240-01","INS",0
"TCGA-06-0241-01","DEL",2
"TCGA-06-0241-01","INS",1
"TCGA-06-0644-01","DEL",3
"TCGA-06-0644-01","INS",0
"TCGA-06-0645-01","DEL",0
"TCGA-06-0645-01","INS",0
"TCGA-06-0646-01","DEL",3
"TCGA-06-0646-01","INS",0
"TCGA-06-0648-01","DEL",2
"TCGA-06-0648-01","INS",1
"TCGA-06-0649-01","DEL",3
"TCGA-06-0649-01","INS",0
"TCGA-06-0650-01","DEL",1
"TCGA-06-0650-01","INS",0
"TCGA-06-0686-01","DEL",1
"TCGA-06-0686-01","INS",0
"TCGA-06-0743-01","DEL",4
"TCGA-06-0743-01","INS",0
"TCGA-06-0744-01","DEL",1
"TCGA-06-0744-01","INS",1
"TCGA-06-0745-01","DEL",2
"TCGA-06-0745-01","INS",0
"TCGA-06-0747-01","DEL",4
"TCGA-06-0747-01","INS",0
"TCGA-06-0749-01","DEL",5
"TCGA-06-0749-01","INS",1
"TCGA-06-0750-01","DEL",0
"TCGA-06-0750-01","INS",0
"TCGA-06-0875-01","DEL",3
"TCGA-06-0875-01","INS",0
"TCGA-06-0876-01","DEL",3
"TCGA-06-0876-01","INS",0
"TCGA-06-0877-01","DEL",1
"TCGA-06-0877-01","INS",0
"TCGA-06-0878-01","DEL",2
"TCGA-06-0878-01","INS",1
"TCGA-06-0879-01","DEL",1
"TCGA-06-0879-01","INS",0
"TCGA-06-0881-01","DEL",0
"TCGA-06-0881-01","INS",0
"TCGA-06-0882-01","DEL",1
"TCGA-06-0882-01","INS",0
"TCGA-06-0939-01","DEL",1
"TCGA-06-0939-01","INS",0
"TCGA-06-1084-01","DEL",2
"TCGA-06-1084-01","INS",4
"TCGA-06-1087-01","DEL",3
"TCGA-06-1087-01","INS",1
"TCGA-06-1800-01","DEL",0
"TCGA-06-1800-01","INS",0
"TCGA-06-1801-01","DEL",8
"TCGA-06-1801-01","INS",4
"TCGA-06-1802-01","DEL",13
"TCGA-06-1802-01","INS",12
"TCGA-06-1804-01","DEL",0
"TCGA-06-1804-01","INS",0
"TCGA-06-1805-01","DEL",4
"TCGA-06-1805-01","INS",4
"TCGA-06-1806-01","DEL",1
"TCGA-06-1806-01","INS",0
"TCGA-06-2557-01","DEL",2
"TCGA-06-2557-01","INS",1
"TCGA-06-2558-01","DEL",0
"TCGA-06-2558-01","INS",0
"TCGA-06-2559-01","DEL",3
"TCGA-06-2559-01","INS",0
"TCGA-06-2561-01","DEL",4
"TCGA-06-2561-01","INS",0
"TCGA-06-2562-01","DEL",3
"TCGA-06-2562-01","INS",0
"TCGA-06-2563-01","DEL",2
"TCGA-06-2563-01","INS",0
"TCGA-06-2564-01","DEL",1
"TCGA-06-2564-01","INS",1
"TCGA-06-2565-01","DEL",3
"TCGA-06-2565-01","INS",1
"TCGA-06-2566-01","DEL",5
"TCGA-06-2566-01","INS",8
"TCGA-06-2567-01","DEL",4
"TCGA-06-2567-01","INS",0
"TCGA-06-2569-01","DEL",4
"TCGA-06-2569-01","INS",1
"TCGA-06-2570-01","DEL",1
"TCGA-06-2570-01","INS",0
"TCGA-06-5408-01","DEL",0
"TCGA-06-5408-01","INS",1
"TCGA-06-5410-01","DEL",0
"TCGA-06-5410-01","INS",0
"TCGA-06-5411-01","DEL",0
"TCGA-06-5411-01","INS",0
"TCGA-06-5412-01","DEL",4
"TCGA-06-5412-01","INS",1
"TCGA-06-5413-01","DEL",2
"TCGA-06-5413-01","INS",1
"TCGA-06-5414-01","DEL",3
"TCGA-06-5414-01","INS",0
"TCGA-06-5415-01","DEL",3
"TCGA-06-5415-01","INS",0
"TCGA-06-5416-01","DEL",3
"TCGA-06-5416-01","INS",38
"TCGA-06-5417-01","DEL",6
"TCGA-06-5417-01","INS",1
"TCGA-06-5418-01","DEL",2
"TCGA-06-5418-01","INS",2
"TCGA-06-5856-01","DEL",2
"TCGA-06-5856-01","INS",0
"TCGA-06-5858-01","DEL",0
"TCGA-06-5858-01","INS",1
"TCGA-06-5859-01","DEL",3
"TCGA-06-5859-01","INS",0
"TCGA-06-6388-01","DEL",1
"TCGA-06-6388-01","INS",2
"TCGA-06-6389-01","DEL",1
"TCGA-06-6389-01","INS",0
"TCGA-06-6390-01","DEL",2
"TCGA-06-6390-01","INS",0
"TCGA-06-6391-01","DEL",0
"TCGA-06-6391-01","INS",0
"TCGA-06-6693-01","DEL",2
"TCGA-06-6693-01","INS",0
"TCGA-06-6694-01","DEL",3
"TCGA-06-6694-01","INS",0
"TCGA-06-6695-01","DEL",1
"TCGA-06-6695-01","INS",3
"TCGA-06-6697-01","DEL",2
"TCGA-06-6697-01","INS",0
"TCGA-06-6698-01","DEL",1
"TCGA-06-6698-01","INS",0
"TCGA-06-6699-01","DEL",0
"TCGA-06-6699-01","INS",0
"TCGA-06-6700-01","DEL",0
"TCGA-06-6700-01","INS",0
"TCGA-06-6701-01","DEL",3
"TCGA-06-6701-01","INS",0
"TCGA-06-A5U0-01","DEL",1
"TCGA-06-A5U0-01","INS",2
"TCGA-06-A5U1-01","DEL",1
"TCGA-06-A5U1-01","INS",0
"TCGA-06-A6S0-01","DEL",4
"TCGA-06-A6S0-01","INS",0
"TCGA-06-A6S1-01","DEL",2
"TCGA-06-A6S1-01","INS",0
"TCGA-06-A7TK-01","DEL",5
"TCGA-06-A7TK-01","INS",0
"TCGA-06-A7TL-01","DEL",2
"TCGA-06-A7TL-01","INS",0
"TCGA-08-0386-01","DEL",0
"TCGA-08-0386-01","INS",0
"TCGA-12-0615-01","DEL",0
"TCGA-12-0615-01","INS",2
"TCGA-12-0616-01","DEL",0
"TCGA-12-0616-01","INS",1
"TCGA-12-0618-01","DEL",1
"TCGA-12-0618-01","INS",2
"TCGA-12-0619-01","DEL",1
"TCGA-12-0619-01","INS",2
"TCGA-12-0656-01","DEL",2
"TCGA-12-0656-01","INS",2
"TCGA-12-0657-01","DEL",2
"TCGA-12-0657-01","INS",1
"TCGA-12-0662-01","DEL",1
"TCGA-12-0662-01","INS",1
"TCGA-12-0670-01","DEL",1
"TCGA-12-0670-01","INS",4
"TCGA-12-0688-01","DEL",3
"TCGA-12-0688-01","INS",0
"TCGA-12-0691-01","DEL",1
"TCGA-12-0691-01","INS",1
"TCGA-12-0692-01","DEL",3
"TCGA-12-0692-01","INS",1
"TCGA-12-0707-01","DEL",0
"TCGA-12-0707-01","INS",1
"TCGA-12-0773-01","DEL",1
"TCGA-12-0773-01","INS",3
"TCGA-12-0775-01","DEL",4
"TCGA-12-0775-01","INS",1
"TCGA-12-0778-01","DEL",7
"TCGA-12-0778-01","INS",8
"TCGA-12-0818-01","DEL",3
"TCGA-12-0818-01","INS",6
"TCGA-12-0819-01","DEL",2
"TCGA-12-0819-01","INS",2
"TCGA-12-0820-01","DEL",5
"TCGA-12-0820-01","INS",4
"TCGA-12-0821-01","DEL",2
"TCGA-12-0821-01","INS",0
"TCGA-12-0822-01","DEL",2
"TCGA-12-0822-01","INS",9
"TCGA-12-0826-01","DEL",1
"TCGA-12-0826-01","INS",1
"TCGA-12-0827-01","DEL",0
"TCGA-12-0827-01","INS",1
"TCGA-12-0828-01","DEL",0
"TCGA-12-0828-01","INS",7
"TCGA-12-0829-01","DEL",25
"TCGA-12-0829-01","INS",18
"TCGA-12-1088-01","DEL",6
"TCGA-12-1088-01","INS",0
"TCGA-12-1089-01","DEL",3
"TCGA-12-1089-01","INS",1
"TCGA-12-1092-01","DEL",2
"TCGA-12-1092-01","INS",2
"TCGA-12-1093-01","DEL",4
"TCGA-12-1093-01","INS",0
"TCGA-12-1597-01","DEL",5
"TCGA-12-1597-01","INS",0
"TCGA-12-1598-01","DEL",2
"TCGA-12-1598-01","INS",1
"TCGA-12-1599-01","DEL",1
"TCGA-12-1599-01","INS",0
"TCGA-12-1600-01","DEL",2
"TCGA-12-1600-01","INS",1
"TCGA-12-1602-01","DEL",0
"TCGA-12-1602-01","INS",1
"TCGA-12-3644-01","DEL",1
"TCGA-12-3644-01","INS",0
"TCGA-12-3646-01","DEL",2
"TCGA-12-3646-01","INS",0
"TCGA-12-3648-01","DEL",2
"TCGA-12-3648-01","INS",0
"TCGA-12-3649-01","DEL",2
"TCGA-12-3649-01","INS",0
"TCGA-12-3650-01","DEL",0
"TCGA-12-3650-01","INS",0
"TCGA-12-3651-01","DEL",0
"TCGA-12-3651-01","INS",1
"TCGA-12-3652-01","DEL",1
"TCGA-12-3652-01","INS",0
"TCGA-12-3653-01","DEL",1
"TCGA-12-3653-01","INS",1
"TCGA-12-5295-01","DEL",3
"TCGA-12-5295-01","INS",0
"TCGA-12-5299-01","DEL",0
"TCGA-12-5299-01","INS",0
"TCGA-12-5301-01","DEL",0
"TCGA-12-5301-01","INS",2
"TCGA-14-0736-01","DEL",2
"TCGA-14-0736-01","INS",0
"TCGA-14-0736-02","DEL",1
"TCGA-14-0736-02","INS",0
"TCGA-14-0740-01","DEL",1
"TCGA-14-0740-01","INS",0
"TCGA-14-0781-01","DEL",3
"TCGA-14-0781-01","INS",0
"TCGA-14-0786-01","DEL",1
"TCGA-14-0786-01","INS",0
"TCGA-14-0787-01","DEL",2
"TCGA-14-0787-01","INS",0
"TCGA-14-0789-01","DEL",4
"TCGA-14-0789-01","INS",1
"TCGA-14-0790-01","DEL",1
"TCGA-14-0790-01","INS",1
"TCGA-14-0812-01","DEL",4
"TCGA-14-0812-01","INS",1
"TCGA-14-0813-01","DEL",4
"TCGA-14-0813-01","INS",0
"TCGA-14-0817-01","DEL",3
"TCGA-14-0817-01","INS",0
"TCGA-14-0862-01","DEL",3
"TCGA-14-0862-01","INS",0
"TCGA-14-0865-01","DEL",1
"TCGA-14-0865-01","INS",3
"TCGA-14-0866-01","DEL",11
"TCGA-14-0866-01","INS",3
"TCGA-14-0867-01","DEL",8
"TCGA-14-0867-01","INS",7
"TCGA-14-0871-01","DEL",0
"TCGA-14-0871-01","INS",2
"TCGA-14-1034-01","DEL",4
"TCGA-14-1034-01","INS",1
"TCGA-14-1034-02","DEL",7
"TCGA-14-1034-02","INS",0
"TCGA-14-1037-01","DEL",1
"TCGA-14-1037-01","INS",1
"TCGA-14-1043-01","DEL",2
"TCGA-14-1043-01","INS",1
"TCGA-14-1395-01","DEL",4
"TCGA-14-1395-01","INS",1
"TCGA-14-1396-01","DEL",9
"TCGA-14-1396-01","INS",2
"TCGA-14-1450-01","DEL",0
"TCGA-14-1450-01","INS",1
"TCGA-14-1451-01","DEL",2
"TCGA-14-1451-01","INS",1
"TCGA-14-1453-01","DEL",0
"TCGA-14-1453-01","INS",0
"TCGA-14-1455-01","DEL",1
"TCGA-14-1455-01","INS",1
"TCGA-14-1456-01","DEL",0
"TCGA-14-1456-01","INS",0
"TCGA-14-1458-01","DEL",8
"TCGA-14-1458-01","INS",4
"TCGA-14-1794-01","DEL",9
"TCGA-14-1794-01","INS",4
"TCGA-14-1795-01","DEL",13
"TCGA-14-1795-01","INS",5
"TCGA-14-1821-01","DEL",2
"TCGA-14-1821-01","INS",0
"TCGA-14-1823-01","DEL",1
"TCGA-14-1823-01","INS",0
"TCGA-14-1825-01","DEL",0
"TCGA-14-1825-01","INS",0
"TCGA-14-1827-01","DEL",4
"TCGA-14-1827-01","INS",0
"TCGA-14-1829-01","DEL",0
"TCGA-14-1829-01","INS",0
"TCGA-14-2554-01","DEL",0
"TCGA-14-2554-01","INS",1
"TCGA-14-3476-01","DEL",1
"TCGA-14-3476-01","INS",0
"TCGA-14-3477-01","DEL",2
"TCGA-14-3477-01","INS",1
"TCGA-14-4157-01","DEL",3
"TCGA-14-4157-01","INS",0
"TCGA-15-0742-01","DEL",2
"TCGA-15-0742-01","INS",0
"TCGA-15-1446-01","DEL",1
"TCGA-15-1446-01","INS",1
"TCGA-16-0846-01","DEL",0
"TCGA-16-0846-01","INS",1
"TCGA-16-0848-01","DEL",1
"TCGA-16-0848-01","INS",1
"TCGA-16-0849-01","DEL",1
"TCGA-16-0849-01","INS",5
"TCGA-16-0850-01","DEL",0
"TCGA-16-0850-01","INS",3
"TCGA-16-0861-01","DEL",3
"TCGA-16-0861-01","INS",0
"TCGA-16-1045-01","DEL",4
"TCGA-16-1045-01","INS",0
"TCGA-16-1460-01","DEL",4
"TCGA-16-1460-01","INS",4
"TCGA-19-0957-01","DEL",4
"TCGA-19-0957-01","INS",1
"TCGA-19-1385-01","DEL",8
"TCGA-19-1385-01","INS",5
"TCGA-19-1386-01","DEL",8
"TCGA-19-1386-01","INS",2
"TCGA-19-1387-01","DEL",7
"TCGA-19-1387-01","INS",1
"TCGA-19-1388-01","DEL",10
"TCGA-19-1388-01","INS",4
"TCGA-19-1389-01","DEL",8
"TCGA-19-1389-01","INS",6
"TCGA-19-1390-01","DEL",1
"TCGA-19-1390-01","INS",0
"TCGA-19-1786-01","DEL",3
"TCGA-19-1786-01","INS",0
"TCGA-19-1787-01","DEL",47
"TCGA-19-1787-01","INS",8
"TCGA-19-1788-01","DEL",9
"TCGA-19-1788-01","INS",6
"TCGA-19-1789-01","DEL",0
"TCGA-19-1789-01","INS",2
"TCGA-19-1790-01","DEL",8
"TCGA-19-1790-01","INS",1
"TCGA-19-1791-01","DEL",1
"TCGA-19-1791-01","INS",2
"TCGA-19-2619-01","DEL",3
"TCGA-19-2619-01","INS",0
"TCGA-19-2620-01","DEL",2
"TCGA-19-2620-01","INS",0
"TCGA-19-2621-01","DEL",3
"TCGA-19-2621-01","INS",2
"TCGA-19-2623-01","DEL",3
"TCGA-19-2623-01","INS",1
"TCGA-19-2624-01","DEL",1
"TCGA-19-2624-01","INS",0
"TCGA-19-2625-01","DEL",5
"TCGA-19-2625-01","INS",0
"TCGA-19-2629-01","DEL",25
"TCGA-19-2629-01","INS",1
"TCGA-19-2631-01","DEL",5
"TCGA-19-2631-01","INS",0
"TCGA-19-4065-01","DEL",1
"TCGA-19-4065-01","INS",1
"TCGA-19-4065-02","DEL",2
"TCGA-19-4065-02","INS",0
"TCGA-19-4068-01","DEL",4
"TCGA-19-4068-01","INS",0
"TCGA-19-5947-01","DEL",1
"TCGA-19-5947-01","INS",3
"TCGA-19-5950-01","DEL",2
"TCGA-19-5950-01","INS",0
"TCGA-19-5951-01","DEL",4
"TCGA-19-5951-01","INS",1
"TCGA-19-5952-01","DEL",2
"TCGA-19-5952-01","INS",0
"TCGA-19-5953-01","DEL",1
"TCGA-19-5953-01","INS",0
"TCGA-19-5954-01","DEL",3
"TCGA-19-5954-01","INS",1
"TCGA-19-5955-01","DEL",3
"TCGA-19-5955-01","INS",0
"TCGA-19-5956-01","DEL",15
"TCGA-19-5956-01","INS",36
"TCGA-19-5958-01","DEL",1
"TCGA-19-5958-01","INS",0
"TCGA-19-5959-01","DEL",4
"TCGA-19-5959-01","INS",0
"TCGA-19-5960-01","DEL",1
"TCGA-19-5960-01","INS",0
"TCGA-19-A60I-01","DEL",1
"TCGA-19-A60I-01","INS",0
"TCGA-19-A6J4-01","DEL",0
"TCGA-19-A6J4-01","INS",0
"TCGA-19-A6J5-01","DEL",1
"TCGA-19-A6J5-01","INS",1
"TCGA-26-1439-01","DEL",0
"TCGA-26-1439-01","INS",2
"TCGA-26-1442-01","DEL",0
"TCGA-26-1442-01","INS",1
"TCGA-26-1799-01","DEL",5
"TCGA-26-1799-01","INS",1
"TCGA-26-5132-01","DEL",3
"TCGA-26-5132-01","INS",0
"TCGA-26-5133-01","DEL",2
"TCGA-26-5133-01","INS",0
"TCGA-26-5134-01","DEL",2
"TCGA-26-5134-01","INS",0
"TCGA-26-5135-01","DEL",2
"TCGA-26-5135-01","INS",0
"TCGA-26-5136-01","DEL",2
"TCGA-26-5136-01","INS",0
"TCGA-26-5139-01","DEL",2
"TCGA-26-5139-01","INS",1
"TCGA-26-6173-01","DEL",1
"TCGA-26-6173-01","INS",0
"TCGA-26-6174-01","DEL",0
"TCGA-26-6174-01","INS",1
"TCGA-26-A7UX-01","DEL",1
"TCGA-26-A7UX-01","INS",0
"TCGA-27-1830-01","DEL",0
"TCGA-27-1830-01","INS",0
"TCGA-27-1831-01","DEL",1
"TCGA-27-1831-01","INS",2
"TCGA-27-1832-01","DEL",1
"TCGA-27-1832-01","INS",1
"TCGA-27-1833-01","DEL",3
"TCGA-27-1833-01","INS",0
"TCGA-27-1834-01","DEL",0
"TCGA-27-1834-01","INS",1
"TCGA-27-1835-01","DEL",3
"TCGA-27-1835-01","INS",1
"TCGA-27-1836-01","DEL",3
"TCGA-27-1836-01","INS",0
"TCGA-27-1837-01","DEL",1
"TCGA-27-1837-01","INS",0
"TCGA-27-1838-01","DEL",1
"TCGA-27-1838-01","INS",1
"TCGA-27-2518-01","DEL",0
"TCGA-27-2518-01","INS",0
"TCGA-27-2519-01","DEL",3
"TCGA-27-2519-01","INS",0
"TCGA-27-2521-01","DEL",2
"TCGA-27-2521-01","INS",1
"TCGA-27-2523-01","DEL",1
"TCGA-27-2523-01","INS",0
"TCGA-27-2524-01","DEL",1
"TCGA-27-2524-01","INS",0
"TCGA-27-2526-01","DEL",3
"TCGA-27-2526-01","INS",1
"TCGA-27-2527-01","DEL",3
"TCGA-27-2527-01","INS",0
"TCGA-27-2528-01","DEL",3
"TCGA-27-2528-01","INS",2
"TCGA-28-1745-01","DEL",2
"TCGA-28-1745-01","INS",0
"TCGA-28-1746-01","DEL",1
"TCGA-28-1746-01","INS",1
"TCGA-28-1747-01","DEL",4
"TCGA-28-1747-01","INS",0
"TCGA-28-1749-01","DEL",3
"TCGA-28-1749-01","INS",0
"TCGA-28-1750-01","DEL",5
"TCGA-28-1750-01","INS",1
"TCGA-28-1751-01","DEL",4
"TCGA-28-1751-01","INS",0
"TCGA-28-1752-01","DEL",1
"TCGA-28-1752-01","INS",1
"TCGA-28-1753-01","DEL",1
"TCGA-28-1753-01","INS",0
"TCGA-28-1755-01","DEL",2
"TCGA-28-1755-01","INS",1
"TCGA-28-1757-01","DEL",4
"TCGA-28-1757-01","INS",1
"TCGA-28-1760-01","DEL",11
"TCGA-28-1760-01","INS",2
"TCGA-28-2499-01","DEL",1
"TCGA-28-2499-01","INS",0
"TCGA-28-2502-01","DEL",3
"TCGA-28-2502-01","INS",0
"TCGA-28-2506-01","DEL",7
"TCGA-28-2506-01","INS",3
"TCGA-28-2509-01","DEL",5
"TCGA-28-2509-01","INS",1
"TCGA-28-2513-01","DEL",1
"TCGA-28-2513-01","INS",0
"TCGA-28-2514-01","DEL",2
"TCGA-28-2514-01","INS",2
"TCGA-28-5204-01","DEL",3
"TCGA-28-5204-01","INS",0
"TCGA-28-5207-01","DEL",1
"TCGA-28-5207-01","INS",0
"TCGA-28-5208-01","DEL",1
"TCGA-28-5208-01","INS",0
"TCGA-28-5209-01","DEL",3
"TCGA-28-5209-01","INS",1
"TCGA-28-5211-01","DEL",1
"TCGA-28-5211-01","INS",0
"TCGA-28-5213-01","DEL",0
"TCGA-28-5213-01","INS",0
"TCGA-28-5214-01","DEL",1
"TCGA-28-5214-01","INS",0
"TCGA-28-5215-01","DEL",0
"TCGA-28-5215-01","INS",0
"TCGA-28-5216-01","DEL",1
"TCGA-28-5216-01","INS",0
"TCGA-28-5218-01","DEL",2
"TCGA-28-5218-01","INS",0
"TCGA-28-5219-01","DEL",2
"TCGA-28-5219-01","INS",2
"TCGA-28-5220-01","DEL",0
"TCGA-28-5220-01","INS",2
"TCGA-28-6450-01","DEL",5
"TCGA-28-6450-01","INS",0
"TCGA-32-1970-01","DEL",1
"TCGA-32-1970-01","INS",1
"TCGA-32-1976-01","DEL",6
"TCGA-32-1976-01","INS",3
"TCGA-32-1977-01","DEL",4
"TCGA-32-1977-01","INS",1
"TCGA-32-1979-01","DEL",2
"TCGA-32-1979-01","INS",0
"TCGA-32-1980-01","DEL",0
"TCGA-32-1980-01","INS",0
"TCGA-32-1982-01","DEL",3
"TCGA-32-1982-01","INS",0
"TCGA-32-1986-01","DEL",2
"TCGA-32-1986-01","INS",0
"TCGA-32-1991-01","DEL",1
"TCGA-32-1991-01","INS",0
"TCGA-32-2491-01","DEL",1
"TCGA-32-2491-01","INS",0
"TCGA-32-2494-01","DEL",2
"TCGA-32-2494-01","INS",1
"TCGA-32-2495-01","DEL",2
"TCGA-32-2495-01","INS",0
"TCGA-32-2615-01","DEL",0
"TCGA-32-2615-01","INS",1
"TCGA-32-2616-01","DEL",1
"TCGA-32-2616-01","INS",5
"TCGA-32-2632-01","DEL",1
"TCGA-32-2632-01","INS",2
"TCGA-32-2634-01","DEL",3
"TCGA-32-2634-01","INS",0
"TCGA-32-2638-01","DEL",3
"TCGA-32-2638-01","INS",1
"TCGA-32-4208-01","DEL",2
"TCGA-32-4208-01","INS",1
"TCGA-32-4209-01","DEL",0
"TCGA-32-4209-01","INS",0
"TCGA-32-4210-01","DEL",0
"TCGA-32-4210-01","INS",0
"TCGA-32-4211-01","DEL",0
"TCGA-32-4211-01","INS",1
"TCGA-32-4213-01","DEL",5
"TCGA-32-4213-01","INS",1
"TCGA-32-4719-01","DEL",0
"TCGA-32-4719-01","INS",2
"TCGA-32-5222-01","DEL",1
"TCGA-32-5222-01","INS",0
"TCGA-41-2571-01","DEL",1
"TCGA-41-2571-01","INS",0
"TCGA-41-2572-01","DEL",0
"TCGA-41-2572-01","INS",1
"TCGA-41-2573-01","DEL",0
"TCGA-41-2573-01","INS",1
"TCGA-41-2575-01","DEL",1
"TCGA-41-2575-01","INS",0
"TCGA-41-3392-01","DEL",3
"TCGA-41-3392-01","INS",1
"TCGA-41-3393-01","DEL",1
"TCGA-41-3393-01","INS",0
"TCGA-41-3915-01","DEL",0
"TCGA-41-3915-01","INS",2
"TCGA-41-4097-01","DEL",1
"TCGA-41-4097-01","INS",0
"TCGA-41-5651-01","DEL",0
"TCGA-41-5651-01","INS",0
"TCGA-41-6646-01","DEL",4
"TCGA-41-6646-01","INS",0
"TCGA-4W-AA9R-01","DEL",2
"TCGA-4W-AA9R-01","INS",0
"TCGA-4W-AA9S-01","DEL",2
"TCGA-4W-AA9S-01","INS",0
"TCGA-4W-AA9T-01","DEL",0
"TCGA-4W-AA9T-01","INS",1
"TCGA-74-6573-01","DEL",0
"TCGA-74-6573-01","INS",1
"TCGA-74-6575-01","DEL",4
"TCGA-74-6575-01","INS",3
"TCGA-74-6577-01","DEL",1
"TCGA-74-6577-01","INS",2
"TCGA-74-6578-01","DEL",3
"TCGA-74-6578-01","INS",0
"TCGA-74-6581-01","DEL",3
"TCGA-74-6581-01","INS",0
"TCGA-74-6584-01","DEL",1
"TCGA-74-6584-01","INS",1
"TCGA-76-4925-01","DEL",3
"TCGA-76-4925-01","INS",2
"TCGA-76-4926-01","DEL",3
"TCGA-76-4926-01","INS",1
"TCGA-76-4927-01","DEL",0
"TCGA-76-4927-01","INS",1
"TCGA-76-4928-01","DEL",2
"TCGA-76-4928-01","INS",1
"TCGA-76-4929-01","DEL",4
"TCGA-76-4929-01","INS",0
"TCGA-76-4931-01","DEL",0
"TCGA-76-4931-01","INS",0
"TCGA-76-4932-01","DEL",1
"TCGA-76-4932-01","INS",0
"TCGA-76-4934-01","DEL",1
"TCGA-76-4934-01","INS",0
"TCGA-76-4935-01","DEL",1
"TCGA-76-4935-01","INS",0
"TCGA-76-6191-01","DEL",4
"TCGA-76-6191-01","INS",0
"TCGA-76-6192-01","DEL",0
"TCGA-76-6192-01","INS",0
"TCGA-76-6193-01","DEL",2
"TCGA-76-6193-01","INS",0
"TCGA-76-6280-01","DEL",1
"TCGA-76-6280-01","INS",1
"TCGA-76-6282-01","DEL",2
"TCGA-76-6282-01","INS",0
"TCGA-76-6283-01","DEL",8
"TCGA-76-6283-01","INS",1
"TCGA-76-6285-01","DEL",1
"TCGA-76-6285-01","INS",0
"TCGA-76-6286-01","DEL",1
"TCGA-76-6286-01","INS",0
"TCGA-76-6656-01","DEL",2
"TCGA-76-6656-01","INS",0
"TCGA-76-6657-01","DEL",5
"TCGA-76-6657-01","INS",2
"TCGA-76-6660-01","DEL",4
"TCGA-76-6660-01","INS",0
"TCGA-76-6661-01","DEL",0
"TCGA-76-6661-01","INS",0
"TCGA-76-6662-01","DEL",2
"TCGA-76-6662-01","INS",2
"TCGA-76-6663-01","DEL",3
"TCGA-76-6663-01","INS",0
"TCGA-76-6664-01","DEL",0
"TCGA-76-6664-01","INS",0
"TCGA-81-5910-01","DEL",0
"TCGA-81-5910-01","INS",2
"TCGA-81-5911-01","DEL",0
"TCGA-81-5911-01","INS",1
"TCGA-87-5896-01","DEL",0
"TCGA-87-5896-01","INS",0
"TCGA-OX-A56R-01","DEL",4
"TCGA-OX-A56R-01","INS",1
"TCGA-RR-A6KA-01","DEL",1
"TCGA-RR-A6KA-01","INS",1
"TCGA-RR-A6KB-01","DEL",1
"TCGA-RR-A6KB-01","INS",0
"TCGA-RR-A6KC-01","DEL",1
"TCGA-RR-A6KC-01","INS",0
